Depth,Taxa
0.5,Fragmented hc
0.5,Fragmented hc
0.5,Blurry specimens
0.5,Blurry specimens
0.5,Background
0.5,Fragmented hc
0.5,Blurry specimens
0.5,Blurry specimens
0.5,Fragmented hc
0.5,Background
0.5,Background
0.5,Background
0.5,Blurry specimens
0.5,Blurry specimens
0.5,Blurry specimens
0.5,Background
0.5,Background
0.5,Background
0.5,Blurry specimens
0.5,Background
0.5,Background
0.5,Fragmented hc
0.5,Background
0.5,Psectrocladius spp
0.5,Background
0.5,Micropsectra radialis
0.5,Corynoneura spp
0.5,Background
0.5,Blurry specimens
0.5,Heterotrissocladius marcidus
0.5,Fragmented hc
0.5,Fragmented hc
0.5,Fragmented hc
0.5,Background
0.5,Background
0.5,Corynoneura spp
0.5,Background
0.5,Background
0.5,Blurry specimens
0.5,Blurry specimens
0.5,Fragmented hc
0.5,Particles
0.5,Background
0.5,Multiple
0.5,Fragmented hc
0.5,Fragmented hc
0.5,Fragmented hc
0.5,Micropsectra insignilobus
0.5,Particles
0.5,Fragmented hc
0.5,Background
0.5,Fragmented hc
0.5,Multiple
0.5,Fragmented hc
0.5,Background
0.5,Chaoborus mandible
0.5,Fragmented hc
0.5,Fragmented hc
2.5,Psectrocladius spp
2.5,Tanytarsus spp
2.5,Fragmented hc
2.5,Corynoneura spp
2.5,Background
2.5,Tanytarsus lugens
2.5,Corynoneura spp
2.5,Tanytarsus lugens
2.5,Micropsectra insignilobus
2.5,Fragmented hc
2.5,Blurry specimens
2.5,Psectrocladius spp
2.5,Heterotrissocladius marcidus
2.5,unsure
2.5,unsure
2.5,Background
2.5,Fragmented hc
2.5,Tanytarsus spp
2.5,Tanytarsus spp
2.5,Psectrocladius spp
2.5,Fragmented hc
2.5,Tanytarsus spp
2.5,Corynoneura spp
2.5,Background
2.5,Tanytarsus lugens
2.5,Fragmented hc
2.5,Psectrocladius spp
2.5,Fragmented hc
2.5,Fragmented hc
2.5,Multiple
2.5,Micropsectra insignilobus
2.5,Psectrocladius spp
2.5,Fragmented hc
2.5,Particles
2.5,Orthocladiinae Diamesinae
2.5,Tanytarsus lugens
2.5,Fragmented hc
2.5,Fragmented hc
2.5,Fragmented hc
2.5,Corynoneura spp
2.5,Micropsectra insignilobus
2.5,Fragmented hc
2.5,Background
2.5,Fragmented hc
2.5,Background
2.5,Background
2.5,Multiple
2.5,Background
2.5,Background
2.5,Fragmented hc
2.5,Corynoneura spp
2.5,Psectrocladius spp
2.5,Background
2.5,Background
2.5,Tanytarsus lugens
2.5,Fragmented hc
2.5,Multiple
2.5,Multiple
2.5,Corynoneura spp
2.5,Corynoneura spp
2.5,Tanytarsus lugens
2.5,Heterotrissocladius marcidus
2.5,Fragmented hc
2.5,Tanypodinae
2.5,Background
2.5,Background
2.5,unsure
2.5,Fragmented hc
2.5,Background
2.5,Fragmented hc
2.5,Corynoneura spp
2.5,Corynoneura spp
2.5,Background
2.5,Background
2.5,Fragmented hc
2.5,Corynoneura spp
2.5,Particles
2.5,Fragmented hc
2.5,Fragmented hc
2.5,Fragmented hc
2.5,Fragmented hc
2.5,Corynoneura spp
2.5,Background
2.5,Fragmented hc
2.5,Tanypodinae
2.5,Fragmented hc
2.5,Fragmented hc
2.5,Particles
2.5,Chironomus spp
2.5,Psectrocladius spp
2.5,Fragmented hc
2.5,Fragmented hc
2.5,Multiple
2.5,Fragmented hc
2.5,Corynoneura spp
2.5,Fragmented hc
2.5,Particles
2.5,Fragmented hc
2.5,Fragmented hc
2.5,Micropsectra insignilobus
2.5,Tanypodinae
2.5,Tanypodinae
2.5,Background
2.5,Background
2.5,Fragmented hc
2.5,Corynoneura spp
2.5,Fragmented hc
2.5,Tanytarsus spp
2.5,Background
2.5,Fragmented hc
2.5,Tanytarsus spp
2.5,Background
2.5,Background
2.5,Corynoneura spp
2.5,Fragmented hc
2.5,Fragmented hc
2.5,Orthocladiinae Diamesinae
2.5,Microtendipes pedellus
2.5,Fragmented hc
2.5,Fragmented hc
2.5,Background
2.5,Orthocladiinae Diamesinae
2.5,Fragmented hc
2.5,Tanytarsus lugens
2.5,Fragmented hc
2.5,Fragmented hc
2.5,Background
2.5,Blurry specimens
2.5,Fragmented hc
2.5,Fragmented hc
2.5,Fragmented hc
2.5,Fragmented hc
2.5,Fragmented hc
2.5,Fragmented hc
2.5,unsure
2.5,Fragmented hc
2.5,Micropsectra insignilobus
2.5,Blurry specimens
2.5,Background
2.5,Fragmented hc
2.5,Background
2.5,Background
2.5,Tanypodinae
2.5,Background
2.5,Chironomus spp
2.5,Micropsectra radialis
2.5,Fragmented hc
2.5,Psectrocladius spp
2.5,Fragmented hc
2.5,Fragmented hc
2.5,Blurry specimens
2.5,Particles
2.5,Multiple
2.5,Fragmented hc
2.5,Particles
2.5,Fragmented hc
2.5,Fragmented hc
2.5,Micropsectra radialis
2.5,Psectrocladius spp
2.5,Fragmented hc
2.5,Particles
2.5,Fragmented hc
2.5,Fragmented hc
2.5,Multiple
2.5,Fragmented hc
2.5,Fragmented hc
2.5,Tanypodinae
2.5,Fragmented hc
2.5,Micropsectra radialis
2.5,Multiple
2.5,Corynoneura spp
2.5,Particles
2.5,Fragmented hc
2.5,Fragmented hc
2.5,unsure
2.5,Fragmented hc
2.5,Fragmented hc
2.5,Heterotrissocladius marcidus
2.5,Corynoneura spp
2.5,Micropsectra radialis
2.5,Corynoneura spp
2.5,Fragmented hc
2.5,Fragmented hc
2.5,Fragmented hc
2.5,Fragmented hc
2.5,unsure
2.5,Limnophyes type
2.5,Multiple
2.5,Fragmented hc
2.5,Particles
2.5,Background
2.5,Fragmented hc
2.5,Fragmented hc
2.5,Tanytarsus lugens
2.5,Mandible
2.5,Blurry specimens
2.5,Fragmented hc
2.5,Multiple
2.5,Micropsectra radialis
2.5,Background
2.5,Micropsectra insignilobus
2.5,Blurry specimens
2.5,Fragmented hc
2.5,Corynoneura spp
2.5,Background
2.5,Tanytarsus spp
2.5,Fragmented hc
2.5,Psectrocladius spp
2.5,Corynoneura spp
2.5,Tanypodinae
2.5,Fragmented hc
2.5,Micropsectra radialis
2.5,Corynoneura spp
2.5,Corynoneura spp
2.5,Psectrocladius spp
2.5,Tanytarsus spp
2.5,Fragmented hc
2.5,Tanypodinae
2.5,Multiple
2.5,Tanytarsus lugens
2.5,Micropsectra radialis
2.5,Multiple
2.5,Fragmented hc
2.5,Particles
2.5,Corynoneura spp
2.5,Fragmented hc
2.5,Fragmented hc
2.5,Micropsectra radialis
2.5,Fragmented hc
2.5,Fragmented hc
2.5,Corynoneura spp
2.5,Fragmented hc
2.5,Corynoneura spp
2.5,Fragmented hc
2.5,Fragmented hc
2.5,Micropsectra radialis
2.5,Corynoneura spp
2.5,Fragmented hc
2.5,Blurry specimens
2.5,Fragmented hc
2.5,Fragmented hc
2.5,Corynoneura spp
2.5,Microtendipes pedellus
2.5,Fragmented hc
2.5,Tanytarsus lugens
2.5,Psectrocladius spp
2.5,Fragmented hc
2.5,Fragmented hc
2.5,Fragmented hc
2.5,Microtendipes pedellus
2.5,Corynoneura spp
2.5,Background
2.5,Fragmented hc
2.5,Fragmented hc
2.5,Fragmented hc
2.5,Background
2.5,Background
2.5,Acari spp
2.5,Corynoneura spp
2.5,Tanytarsus lugens
2.5,Acari spp
2.5,Micropsectra insignilobus
2.5,Fragmented hc
2.5,Multiple
2.5,Corynoneura spp
2.5,Chironomus spp
2.5,Fragmented hc
2.5,Tanytarsus lugens
2.5,Multiple
2.5,Tanytarsus lugens
2.5,Blurry specimens
2.5,Tanytarsus spp
2.5,Tanytarsus spp
2.5,Blurry specimens
2.5,Fragmented hc
2.5,unsure
2.5,Blurry specimens
2.5,Blurry specimens
2.5,Background
2.5,Fragmented hc
2.5,unsure
2.5,Fragmented hc
2.5,Fragmented hc
2.5,Fragmented hc
2.5,Fragmented hc
2.5,Fragmented hc
2.5,Fragmented hc
4.5,Tanytarsus lugens
4.5,Fragmented hc
4.5,Micropsectra radialis
4.5,Corynoneura spp
4.5,Diatom
4.5,Fragmented hc
4.5,Background
4.5,Corynoneura spp
4.5,Corynoneura spp
4.5,Paratanytarsus austriacus
4.5,Orthocladiinae Diamesinae
4.5,Tanypodinae
4.5,Micropsectra radialis
4.5,Micropsectra radialis
4.5,Background
4.5,Psectrocladius spp
4.5,Multiple
4.5,Microtendipes pedellus
4.5,Tanytarsus lugens
4.5,Psectrocladius spp
4.5,Fragmented hc
4.5,Corynoneura spp
4.5,Psectrocladius spp
4.5,Fragmented hc
4.5,Fragmented hc
4.5,Micropsectra radialis
4.5,Tanypodinae
4.5,Micropsectra insignilobus
4.5,Fragmented hc
4.5,Multiple
4.5,Tanytarsus lugens
4.5,Background
4.5,Multiple
4.5,Micropsectra radialis
4.5,Tanytarsus lugens
4.5,Orthocladiinae Diamesinae
4.5,Fragmented hc
4.5,Particles
4.5,Fragmented hc
4.5,Blurry specimens
4.5,Tanytarsus lugens
4.5,Micropsectra insignilobus
4.5,Blurry specimens
4.5,Tanytarsus spp
4.5,Micropsectra insignilobus
4.5,Particles
4.5,Fragmented hc
4.5,Tanytarsus lugens
4.5,Chironomus spp
4.5,Micropsectra radialis
4.5,Paratanytarsus austriacus
4.5,Tanytarsus lugens
4.5,Micropsectra radialis
4.5,Particles
4.5,Fragmented hc
4.5,Fragmented hc
4.5,Tanypodinae
4.5,Particles
4.5,Micropsectra radialis
4.5,Background
4.5,Fragmented hc
4.5,Microtendipes pedellus
4.5,Psectrocladius spp
4.5,Fragmented hc
4.5,Fragmented hc
4.5,Micropsectra radialis
4.5,Fragmented hc
4.5,Heterotrissocladius marcidus
4.5,Micropsectra insignilobus
4.5,Mandible
4.5,Fragmented hc
4.5,Corynoneura spp
4.5,Particles
4.5,Background
4.5,Corynoneura spp
4.5,Blurry specimens
4.5,Fragmented hc
4.5,Heterotrissocladius marcidus
4.5,Tanytarsus spp
4.5,Pollen
4.5,Corynoneura spp
4.5,Blurry specimens
4.5,Tanytarsus lugens
4.5,Tanytarsus lugens
4.5,Background
4.5,Fragmented hc
4.5,Background
4.5,Background
4.5,Background
4.5,Corynoneura spp
4.5,Limnophyes type
4.5,Background
4.5,Particles
6.5,Corynoneura spp
6.5,Particles
6.5,Blurry specimens
6.5,Tanytarsus spp
6.5,Background
6.5,Micropsectra radialis
6.5,Multiple
6.5,Background
6.5,Tanytarsus lugens
6.5,Multiple
6.5,Particles
6.5,Fragmented hc
6.5,Fragmented hc
6.5,Tanypodinae
6.5,Fragmented hc
6.5,Fragmented hc
6.5,Fragmented hc
6.5,Fragmented hc
6.5,Micropsectra radialis
6.5,Fragmented hc
6.5,Psectrocladius spp
6.5,Corynoneura spp
6.5,Fragmented hc
6.5,Corynoneura spp
6.5,Tanytarsus lugens
6.5,Micropsectra radialis
6.5,Fragmented hc
6.5,Multiple
6.5,Fragmented hc
6.5,Fragmented hc
6.5,Fragmented hc
6.5,Fragmented hc
6.5,Fragmented hc
6.5,Fragmented hc
6.5,Micropsectra radialis
6.5,Psectrocladius spp
6.5,Corynoneura spp
6.5,unsure
6.5,Micropsectra radialis
6.5,Fragmented hc
6.5,Tanytarsus spp
6.5,Fragmented hc
6.5,Fragmented hc
6.5,Fragmented hc
6.5,Fragmented hc
6.5,Fragmented hc
6.5,Tanytarsus lugens
6.5,Tanytarsus lugens
6.5,Fragmented hc
6.5,Fragmented hc
6.5,Fragmented hc
6.5,Fragmented hc
6.5,Fragmented hc
6.5,Fragmented hc
6.5,Fragmented hc
6.5,Corynoneura spp
6.5,Fragmented hc
6.5,Fragmented hc
6.5,Psectrocladius spp
6.5,Fragmented hc
6.5,Fragmented hc
6.5,Background
6.5,Blurry specimens
6.5,Background
6.5,Micropsectra radialis
6.5,Psectrocladius spp
6.5,Fragmented hc
8.5,Microtendipes pedellus
8.5,Fragmented hc
8.5,Tanytarsus lugens
8.5,Fragmented hc
8.5,Corynoneura spp
8.5,Corynoneura spp
8.5,Fragmented hc
8.5,Background
8.5,Micropsectra radialis
8.5,Background
8.5,Background
8.5,Multiple
8.5,Tanytarsus lugens
8.5,Fragmented hc
8.5,Fragmented hc
8.5,Fragmented hc
8.5,Fragmented hc
8.5,Micropsectra radialis
8.5,Tanytarsus lugens
8.5,Fragmented hc
8.5,Tanytarsus lugens
8.5,Fragmented hc
8.5,Fragmented hc
8.5,Tanypodinae
8.5,Fragmented hc
8.5,Tanytarsus lugens
8.5,Particles
8.5,Orthocladiinae Diamesinae
8.5,unsure
8.5,Microtendipes pedellus
8.5,Multiple
8.5,Particles
8.5,Corynoneura spp
8.5,Fragmented hc
8.5,Fragmented hc
8.5,Blurry specimens
8.5,Micropsectra radialis
8.5,Fragmented hc
8.5,Fragmented hc
8.5,Fragmented hc
8.5,Fragmented hc
8.5,Fragmented hc
8.5,Fragmented hc
8.5,Fragmented hc
8.5,Tanytarsus lugens
8.5,Fragmented hc
8.5,Micropsectra insignilobus
8.5,Fragmented hc
8.5,Tanypodinae
8.5,Particles
8.5,Tanypodinae
8.5,Fragmented hc
8.5,Tanytarsus spp
8.5,Tanypodinae
8.5,Corynoneura spp
8.5,unsure
8.5,Multiple
8.5,Fragmented hc
8.5,Psectrocladius spp
8.5,Chaoborus mandible
8.5,Fragmented hc
8.5,Tanypodinae
8.5,Background
8.5,Psectrocladius spp
8.5,Fragmented hc
8.5,Fragmented hc
8.5,Fragmented hc
8.5,Fragmented hc
8.5,Tanytarsus lugens
8.5,Tanypodinae
8.5,Micropsectra radialis
8.5,Corynoneura spp
8.5,Tanytarsus lugens
8.5,Fragmented hc
8.5,Fragmented hc
8.5,Fragmented hc
8.5,Fragmented hc
8.5,Multiple
8.5,Particles
8.5,Multiple
8.5,Fragmented hc
8.5,Background
8.5,Tanypodinae
8.5,Blurry specimens
8.5,Tanytarsus spp
8.5,Corynoneura spp
8.5,Acari spp
8.5,Blurry specimens
8.5,Blurry specimens
8.5,Background
8.5,Blurry specimens
8.5,Background
8.5,Blurry specimens
8.5,Blurry specimens
8.5,Background
8.5,Background
8.5,Background
8.5,Blurry specimens
8.5,Blurry specimens
8.5,Blurry specimens
8.5,Blurry specimens
8.5,Blurry specimens
8.5,Blurry specimens
8.5,Blurry specimens
8.5,Fragmented hc
8.5,Heterotrissocladius marcidus
8.5,Multiple
8.5,Background
8.5,Background
8.5,Corynoneura spp
8.5,Fragmented hc
8.5,Fragmented hc
8.5,Orthocladiinae Diamesinae
8.5,Fragmented hc
8.5,Corynoneura spp
10.5,Psectrocladius spp
10.5,Psectrocladius spp
10.5,Fragmented hc
10.5,Fragmented hc
10.5,Psectrocladius spp
10.5,Micropsectra radialis
10.5,Micropsectra radialis
10.5,Multiple
10.5,Tanypodinae
10.5,Fragmented hc
10.5,Fragmented hc
10.5,Micropsectra radialis
10.5,Background
10.5,Psectrocladius spp
10.5,Fragmented hc
10.5,Pentaneurini spp
10.5,Fragmented hc
10.5,Tanypodinae
10.5,Fragmented hc
10.5,Fragmented hc
10.5,Psectrocladius spp
10.5,Corynoneura spp
10.5,Micropsectra radialis
10.5,Fragmented hc
10.5,Corynoneura spp
10.5,Fragmented hc
10.5,Tanytarsus lugens
10.5,Chironomus spp
10.5,Tanytarsus lugens
10.5,Fragmented hc
10.5,Fragmented hc
10.5,Corynoneura spp
10.5,Fragmented hc
10.5,Tanypodinae
10.5,Fragmented hc
10.5,Fragmented hc
10.5,Corynoneura spp
10.5,Fragmented hc
10.5,Micropsectra radialis
10.5,Background
10.5,Fragmented hc
10.5,Fragmented hc
10.5,Heterotrissocladius marcidus
10.5,Background
10.5,Micropsectra radialis
10.5,Tanypodinae
10.5,Fragmented hc
10.5,Fragmented hc
10.5,Corynoneura spp
10.5,Fragmented hc
10.5,Psectrocladius spp
10.5,Chaoborus mandible
10.5,Fragmented hc
10.5,Fragmented hc
10.5,Fragmented hc
10.5,Background
10.5,Background
10.5,Fragmented hc
10.5,Tanypodinae
10.5,Fragmented hc
10.5,Fragmented hc
10.5,Corynoneura spp
10.5,Fragmented hc
10.5,Background
10.5,Fragmented hc
10.5,Fragmented hc
10.5,unsure
10.5,Fragmented hc
10.5,Fragmented hc
10.5,unsure
10.5,Multiple
10.5,Psectrocladius spp
10.5,Fragmented hc
10.5,Background
10.5,Multiple
10.5,Multiple
10.5,Fragmented hc
10.5,Fragmented hc
10.5,Background
10.5,Fragmented hc
10.5,Micropsectra radialis
10.5,Multiple
10.5,Fragmented hc
10.5,Micropsectra radialis
10.5,Tanytarsus lugens
10.5,Fragmented hc
10.5,Fragmented hc
10.5,Fragmented hc
10.5,Fragmented hc
10.5,Fragmented hc
10.5,Fragmented hc
10.5,Fragmented hc
10.5,Fragmented hc
10.5,Micropsectra radialis
10.5,Fragmented hc
10.5,Particles
10.5,Fragmented hc
10.5,Tanytarsus lugens
10.5,Tanytarsus spp
10.5,unsure
10.5,Corynoneura spp
10.5,Fragmented hc
10.5,Fragmented hc
10.5,Micropsectra radialis
10.5,Corynoneura spp
10.5,Fragmented hc
10.5,Fragmented hc
10.5,unsure
10.5,Multiple
10.5,Fragmented hc
10.5,Fragmented hc
10.5,Micropsectra radialis
10.5,Fragmented hc
10.5,Micropsectra radialis
10.5,Multiple
10.5,Tanypodinae
10.5,Fragmented hc
10.5,Mandible
10.5,Tanytarsus lugens
10.5,Tanytarsus lugens
10.5,Background
10.5,Background
10.5,Corynoneura spp
10.5,Corynoneura spp
10.5,Tanypodinae
10.5,Multiple
10.5,Fragmented hc
10.5,Particles
10.5,Fragmented hc
10.5,Fragmented hc
10.5,Fragmented hc
10.5,Corynoneura spp
10.5,Fragmented hc
10.5,Multiple
10.5,Corynoneura spp
10.5,unsure
10.5,Tanytarsus lugens
10.5,Multiple
10.5,Fragmented hc
10.5,Fragmented hc
10.5,Heterotrissocladius marcidus
10.5,Micropsectra radialis
10.5,Heterotrissocladius marcidus
10.5,Corynoneura spp
10.5,Fragmented hc
12.5,Background
12.5,Multiple
12.5,Tanytarsus lugens
12.5,Fragmented hc
12.5,Corynoneura spp
12.5,Multiple
12.5,Fragmented hc
12.5,Fragmented hc
12.5,Corynoneura spp
12.5,Fragmented hc
12.5,Background
12.5,Tanytarsus lugens
12.5,Fragmented hc
12.5,Fragmented hc
12.5,Micropsectra insignilobus
12.5,Fragmented hc
12.5,Tanytarsus lugens
12.5,Fragmented hc
12.5,Background
12.5,Fragmented hc
12.5,Fragmented hc
12.5,Fragmented hc
12.5,Fragmented hc
12.5,Micropsectra radialis
12.5,Background
12.5,Tanytarsus lugens
12.5,Multiple
12.5,Corynoneura spp
12.5,Micropsectra radialis
12.5,Fragmented hc
12.5,Fragmented hc
12.5,Microtendipes pedellus
12.5,Tanypodinae
12.5,Fragmented hc
12.5,Tanytarsus lugens
12.5,Fragmented hc
12.5,Fragmented hc
12.5,Background
12.5,Particles
12.5,unsure
12.5,Fragmented hc
12.5,Fragmented hc
12.5,Fragmented hc
12.5,Micropsectra radialis
12.5,Fragmented hc
12.5,Corynoneura spp
12.5,Fragmented hc
12.5,Fragmented hc
12.5,Micropsectra radialis
12.5,Fragmented hc
12.5,Corynoneura spp
12.5,Fragmented hc
12.5,Fragmented hc
12.5,Fragmented hc
12.5,Background
12.5,Tanytarsus lugens
12.5,Fragmented hc
12.5,Corynoneura spp
12.5,Fragmented hc
12.5,Micropsectra radialis
12.5,Background
12.5,Micropsectra radialis
12.5,Fragmented hc
12.5,Tanytarsus spp
12.5,Tanypodinae
12.5,Heterotrissocladius marcidus
12.5,Micropsectra radialis
12.5,Multiple
12.5,Multiple
12.5,Pentaneurini spp
12.5,Background
12.5,Tanypodinae
12.5,Fragmented hc
12.5,Heterotrissocladius marcidus
12.5,Corynoneura spp
12.5,Fragmented hc
12.5,Fragmented hc
12.5,Psectrocladius spp
12.5,Fragmented hc
12.5,Fragmented hc
12.5,Tanytarsus lugens
12.5,Psectrocladius spp
12.5,Tanytarsus lugens
12.5,Fragmented hc
12.5,Fragmented hc
12.5,Fragmented hc
12.5,Fragmented hc
12.5,Pentaneurini spp
12.5,Corynoneura spp
12.5,Tanytarsus spp
12.5,Background
12.5,Corynoneura spp
12.5,Corynoneura spp
12.5,Fragmented hc
12.5,Corynoneura spp
12.5,Fragmented hc
12.5,Fragmented hc
12.5,Fragmented hc
12.5,Multiple
12.5,Heterotrissocladius marcidus
12.5,Fragmented hc
12.5,Fragmented hc
12.5,Fragmented hc
12.5,Fragmented hc
12.5,Fragmented hc
12.5,Multiple
12.5,Fragmented hc
12.5,Micropsectra radialis
12.5,Acari spp
12.5,Tanytarsus lugens
12.5,Tanytarsus lugens
12.5,Tanypodinae
12.5,Multiple
12.5,Micropsectra radialis
12.5,Particles
12.5,Corynoneura spp
12.5,Tanypodinae
12.5,Fragmented hc
12.5,Fragmented hc
12.5,Micropsectra radialis
12.5,Tanytarsus lugens
12.5,Tanypodinae
12.5,Multiple
12.5,Tanytarsus lugens
12.5,Corynoneura spp
12.5,Fragmented hc
12.5,Tanypodinae
12.5,Background
12.5,Micropsectra radialis
12.5,Fragmented hc
12.5,Fragmented hc
12.5,Pentaneurini spp
12.5,Fragmented hc
12.5,Multiple
12.5,Micropsectra radialis
12.5,Fragmented hc
12.5,Fragmented hc
12.5,Fragmented hc
12.5,Multiple
12.5,Multiple
12.5,Fragmented hc
12.5,Micropsectra radialis
12.5,Tanytarsus lugens
12.5,Corynoneura spp
12.5,Tanytarsus spp
12.5,Fragmented hc
12.5,Background
12.5,Chironomus spp
12.5,Fragmented hc
12.5,Tanytarsus lugens
12.5,Fragmented hc
12.5,Fragmented hc
12.5,Psectrocladius spp
12.5,Fragmented hc
12.5,Fragmented hc
12.5,Background
12.5,Background
12.5,Corynoneura spp
12.5,Background
12.5,Fragmented hc
12.5,Mandible
12.5,Corynoneura spp
12.5,Background
12.5,Fragmented hc
12.5,Fragmented hc
12.5,Particles
12.5,Heterotrissocladius marcidus
12.5,Fragmented hc
12.5,Fragmented hc
12.5,Tanypodinae
12.5,Psectrocladius spp
12.5,Fragmented hc
12.5,Background
14.5,Fragmented hc
14.5,Corynoneura spp
14.5,Fragmented hc
14.5,Fragmented hc
14.5,Multiple
14.5,Particles
14.5,Fragmented hc
14.5,Fragmented hc
14.5,Fragmented hc
14.5,Background
14.5,others
14.5,Multiple
14.5,Fragmented hc
14.5,Mandible
14.5,Fragmented hc
14.5,Fragmented hc
14.5,Background
14.5,Fragmented hc
14.5,Fragmented hc
14.5,Particles
14.5,Fragmented hc
14.5,Micropsectra radialis
14.5,Orthocladiinae Diamesinae
14.5,Tanypodinae
14.5,Fragmented hc
14.5,Particles
14.5,Tanypodinae
14.5,Multiple
14.5,Background
14.5,Micropsectra radialis
14.5,Multiple
14.5,Tanytarsus lugens
14.5,Fragmented hc
14.5,Background
14.5,Fragmented hc
14.5,Tanypodinae
14.5,Fragmented hc
14.5,Fragmented hc
14.5,Background
14.5,Microtendipes pedellus
14.5,Fragmented hc
14.5,Fragmented hc
14.5,Micropsectra radialis
14.5,Fragmented hc
14.5,Micropsectra radialis
14.5,Multiple
14.5,Corynoneura spp
14.5,Fragmented hc
14.5,Background
14.5,Fragmented hc
14.5,Fragmented hc
14.5,Fragmented hc
14.5,Psectrocladius spp
14.5,Blurry specimens
14.5,Fragmented hc
14.5,Fragmented hc
14.5,unsure
14.5,Psectrocladius spp
14.5,Fragmented hc
14.5,Fragmented hc
14.5,Micropsectra insignilobus
14.5,Fragmented hc
14.5,Micropsectra radialis
14.5,Fragmented hc
14.5,Fragmented hc
14.5,Fragmented hc
14.5,Fragmented hc
14.5,Fragmented hc
14.5,Corynoneura spp
14.5,Heterotrissocladius marcidus
14.5,Multiple
14.5,Fragmented hc
14.5,Fragmented hc
14.5,Micropsectra radialis
14.5,Multiple
14.5,Heterotrissocladius marcidus
14.5,Micropsectra radialis
14.5,Fragmented hc
14.5,Background
14.5,Tanypodinae
14.5,Micropsectra radialis
14.5,Corynoneura spp
14.5,Fragmented hc
14.5,Fragmented hc
14.5,Tanypodinae
14.5,Pentaneurini spp
14.5,Fragmented hc
14.5,unsure
14.5,Psectrocladius spp
14.5,Fragmented hc
14.5,Tanypodinae
14.5,Tanypodinae
14.5,Psectrocladius spp
14.5,Fragmented hc
14.5,Fragmented hc
14.5,Fragmented hc
14.5,Corynoneura spp
14.5,Fragmented hc
14.5,Fragmented hc
14.5,Fragmented hc
14.5,Micropsectra insignilobus
14.5,Tanypodinae
14.5,Fragmented hc
14.5,Fragmented hc
14.5,Fragmented hc
14.5,Micropsectra radialis
14.5,Micropsectra radialis
14.5,Micropsectra radialis
14.5,Fragmented hc
14.5,Corynoneura spp
14.5,Mandible
14.5,Fragmented hc
14.5,Fragmented hc
14.5,Fragmented hc
14.5,Fragmented hc
14.5,Fragmented hc
14.5,Fragmented hc
14.5,Background
14.5,Fragmented hc
14.5,Background
14.5,Fragmented hc
14.5,Fragmented hc
14.5,Micropsectra radialis
14.5,Micropsectra radialis
14.5,Fragmented hc
14.5,Tanypodinae
14.5,Background
14.5,Blurry specimens
14.5,Background
14.5,Background
14.5,Fragmented hc
14.5,Multiple
14.5,Fragmented hc
14.5,Tanypodinae
14.5,Fragmented hc
14.5,Background
14.5,Fragmented hc
14.5,Particles
14.5,Fragmented hc
14.5,Fragmented hc
14.5,Fragmented hc
14.5,Fragmented hc
14.5,Corynoneura spp
14.5,Fragmented hc
14.5,Fragmented hc
14.5,Fragmented hc
14.5,Multiple
14.5,Multiple
14.5,Particles
14.5,Tanypodinae
14.5,Tanypodinae
14.5,others
14.5,Tanypodinae
14.5,Corynoneura spp
14.5,Tanytarsus lugens
14.5,Background
14.5,Tanytarsus lugens
14.5,Corynoneura spp
14.5,Corynoneura spp
14.5,Multiple
14.5,Multiple
14.5,Tanypodinae
14.5,Particles
14.5,Tanytarsus lugens
14.5,Tanytarsus lugens
14.5,Fragmented hc
14.5,Fragmented hc
14.5,Fragmented hc
14.5,Fragmented hc
14.5,Fragmented hc
14.5,Background
14.5,Fragmented hc
14.5,Multiple
14.5,Micropsectra radialis
14.5,Micropsectra radialis
14.5,Fragmented hc
14.5,Fragmented hc
14.5,Microtendipes pedellus
14.5,Fragmented hc
14.5,Corynoneura spp
14.5,Micropsectra radialis
14.5,Micropsectra insignilobus
14.5,Multiple
14.5,Micropsectra radialis
14.5,Micropsectra radialis
14.5,Micropsectra insignilobus
14.5,Psectrocladius spp
14.5,unsure
14.5,Fragmented hc
14.5,Corynoneura spp
14.5,Fragmented hc
14.5,Multiple
14.5,Psectrocladius spp
14.5,Mandible
14.5,Particles
14.5,Corynoneura spp
14.5,Fragmented hc
14.5,Fragmented hc
14.5,Fragmented hc
14.5,Fragmented hc
14.5,Background
14.5,Micropsectra radialis
14.5,Micropsectra radialis
14.5,Fragmented hc
14.5,Fragmented hc
14.5,Fragmented hc
14.5,Micropsectra radialis
14.5,Multiple
14.5,Micropsectra insignilobus
14.5,Corynoneura spp
14.5,Acari spp
14.5,Fragmented hc
14.5,Fragmented hc
14.5,Fragmented hc
14.5,Corynoneura spp
14.5,Multiple
14.5,Background
14.5,Blurry specimens
14.5,Background
14.5,Micropsectra radialis
14.5,Fragmented hc
14.5,Blurry specimens
14.5,Multiple
14.5,Psectrocladius spp
14.5,Fragmented hc
14.5,Fragmented hc
14.5,Chironomus spp
14.5,Fragmented hc
14.5,Blurry specimens
14.5,Background
14.5,Tanytarsus lugens
14.5,Blurry specimens
14.5,Multiple
14.5,Fragmented hc
14.5,Fragmented hc
14.5,Particles
14.5,Acari spp
14.5,Multiple
14.5,Tanypodinae
14.5,Background
14.5,Corynoneura spp
14.5,Fragmented hc
14.5,Tanytarsus lugens
14.5,Fragmented hc
14.5,Fragmented hc
14.5,Multiple
14.5,Tanytarsus lugens
14.5,Fragmented hc
14.5,Fragmented hc
14.5,Corynoneura spp
14.5,Fragmented hc
14.5,Fragmented hc
14.5,Fragmented hc
14.5,Fragmented hc
14.5,Corynoneura spp
14.5,Background
14.5,Fragmented hc
14.5,Particles
14.5,Fragmented hc
14.5,Fragmented hc
14.5,Fragmented hc
14.5,Fragmented hc
14.5,Fragmented hc
14.5,Fragmented hc
14.5,Fragmented hc
14.5,Fragmented hc
14.5,Fragmented hc
14.5,Fragmented hc
16.5,Background
16.5,Tanytarsus lugens
16.5,Microtendipes pedellus
16.5,Fragmented hc
16.5,Multiple
16.5,Micropsectra radialis
16.5,Fragmented hc
16.5,Micropsectra radialis
16.5,Multiple
16.5,Corynoneura spp
16.5,Tanypodinae
16.5,Fragmented hc
16.5,Background
16.5,Background
16.5,Tanypodinae
16.5,Fragmented hc
16.5,Orthocladiinae Diamesinae
16.5,Particles
16.5,Fragmented hc
16.5,Pentaneurini spp
16.5,Blurry specimens
16.5,Multiple
16.5,Microtendipes pedellus
16.5,Fragmented hc
16.5,Particles
16.5,Psectrocladius spp
16.5,Corynoneura spp
16.5,Fragmented hc
16.5,Fragmented hc
16.5,Corynoneura spp
16.5,Corynoneura spp
16.5,Corynoneura spp
16.5,Chironomus spp
16.5,Chaoborus mandible
16.5,Fragmented hc
16.5,Background
16.5,Particles
16.5,Fragmented hc
16.5,Blurry specimens
16.5,Corynoneura spp
16.5,Background
16.5,Chironomus spp
16.5,Tanypodinae
16.5,Fragmented hc
16.5,Blurry specimens
16.5,Microtendipes pedellus
16.5,Blurry specimens
16.5,Tanypodinae
16.5,Particles
16.5,Heterotrissocladius marcidus
16.5,Microtendipes pedellus
16.5,Multiple
16.5,Corynoneura spp
16.5,unsure
16.5,Fragmented hc
16.5,Fragmented hc
16.5,Background
16.5,Blurry specimens
16.5,Mandible
16.5,Background
16.5,Fragmented hc
16.5,Corynoneura spp
16.5,Tanypodinae
16.5,Fragmented hc
16.5,Mandible
16.5,Micropsectra radialis
16.5,Fragmented hc
16.5,Fragmented hc
16.5,Chironomus spp
16.5,Micropsectra radialis
16.5,Fragmented hc
16.5,Particles
16.5,Tanytarsus lugens
16.5,Chironomus spp
16.5,Chironomus spp
16.5,Fragmented hc
16.5,Particles
16.5,Background
16.5,Multiple
16.5,Heterotrissocladius marcidus
16.5,Psectrocladius spp
16.5,Fragmented hc
16.5,Tanytarsus lugens
16.5,Corynoneura spp
16.5,Background
16.5,Background
16.5,Multiple
16.5,Fragmented hc
16.5,Micropsectra radialis
16.5,Fragmented hc
16.5,Multiple
16.5,Background
16.5,Background
16.5,Micropsectra radialis
16.5,Heterotrissocladius marcidus
16.5,Fragmented hc
16.5,unsure
16.5,Tanytarsus lugens
16.5,Fragmented hc
16.5,Fragmented hc
16.5,Background
16.5,Particles
16.5,Fragmented hc
16.5,Background
16.5,Background
16.5,Fragmented hc
16.5,unsure
16.5,Fragmented hc
16.5,Background
16.5,Particles
16.5,Micropsectra radialis
16.5,Multiple
16.5,Tanytarsus lugens
16.5,Psectrocladius spp
16.5,Fragmented hc
16.5,unsure
16.5,Fragmented hc
16.5,Background
16.5,Fragmented hc
16.5,Tanypodinae
16.5,Tanypodinae
16.5,Multiple
16.5,Fragmented hc
16.5,Psectrocladius spp
16.5,Particles
16.5,Micropsectra radialis
16.5,Background
16.5,Particles
16.5,Fragmented hc
16.5,Fragmented hc
16.5,Psectrocladius spp
16.5,Heterotrissocladius marcidus
16.5,Microtendipes pedellus
16.5,Micropsectra radialis
16.5,Particles
16.5,Micropsectra radialis
16.5,Particles
16.5,Fragmented hc
16.5,Psectrocladius spp
16.5,Fragmented hc
16.5,Micropsectra radialis
16.5,Tanypodinae
16.5,Micropsectra insignilobus
16.5,Fragmented hc
16.5,Fragmented hc
16.5,Multiple
16.5,Fragmented hc
16.5,Multiple
16.5,Corynoneura spp
16.5,Micropsectra radialis
16.5,Heterotrissocladius marcidus
16.5,Micropsectra radialis
16.5,Micropsectra radialis
16.5,Tanypodinae
16.5,Fragmented hc
16.5,Corynoneura spp
16.5,Tanytarsus lugens
16.5,Micropsectra radialis
16.5,Fragmented hc
16.5,Tanypodinae
16.5,Micropsectra radialis
16.5,Fragmented hc
16.5,Micropsectra radialis
16.5,Psectrocladius spp
16.5,Corynoneura spp
16.5,Background
16.5,Blurry specimens
16.5,Heterotrissocladius marcidus
16.5,Acari spp
16.5,Fragmented hc
16.5,Micropsectra radialis
16.5,Fragmented hc
16.5,Fragmented hc
16.5,Chironomus spp
16.5,Fragmented hc
16.5,Particles
16.5,unsure
16.5,Orthocladiinae Diamesinae
16.5,Fragmented hc
16.5,Fragmented hc
16.5,Fragmented hc
16.5,Fragmented hc
16.5,Fragmented hc
16.5,Tanytarsus lugens
16.5,Corynoneura spp
16.5,Tanytarsus lugens
16.5,Micropsectra radialis
16.5,Fragmented hc
16.5,Fragmented hc
16.5,Fragmented hc
16.5,Fragmented hc
16.5,Tanytarsus lugens
16.5,Fragmented hc
16.5,Fragmented hc
16.5,Tanypodinae
16.5,Particles
16.5,Fragmented hc
16.5,Fragmented hc
16.5,Fragmented hc
16.5,Fragmented hc
16.5,unsure
16.5,Psectrocladius spp
16.5,Heterotrissocladius marcidus
16.5,Tanypodinae
16.5,Micropsectra insignilobus
16.5,Fragmented hc
16.5,Micropsectra radialis
16.5,Fragmented hc
16.5,Tanytarsus lugens
16.5,Fragmented hc
16.5,Corynoneura spp
16.5,Tanytarsus lugens
16.5,Fragmented hc
16.5,Tanypodinae
16.5,Psectrocladius spp
16.5,Heterotrissocladius marcidus
16.5,Fragmented hc
16.5,Tanytarsus lugens
16.5,Micropsectra radialis
16.5,Fragmented hc
16.5,others
16.5,Micropsectra radialis
16.5,Fragmented hc
16.5,Microtendipes pedellus
16.5,Tanypodinae
16.5,Fragmented hc
16.5,Background
16.5,Fragmented hc
16.5,Tanytarsus lugens
16.5,Fragmented hc
16.5,Fragmented hc
16.5,Mentum
16.5,Tanypodinae
18.5,Background
18.5,Background
18.5,Psectrocladius spp
18.5,Particles
18.5,Fragmented hc
18.5,Heterotrissocladius marcidus
18.5,Background
18.5,Multiple
18.5,Background
18.5,Heterotrissocladius marcidus
18.5,Background
18.5,Fragmented hc
18.5,Fragmented hc
18.5,Fragmented hc
18.5,Fragmented hc
18.5,Fragmented hc
18.5,Fragmented hc
18.5,Particles
18.5,Background
18.5,Multiple
18.5,Micropsectra radialis
18.5,Fragmented hc
18.5,Multiple
18.5,Blurry specimens
18.5,Heterotrissocladius marcidus
18.5,Particles
18.5,Fragmented hc
18.5,Blurry specimens
18.5,Fragmented hc
18.5,Micropsectra radialis
18.5,Heterotrissocladius marcidus
18.5,Corynoneura spp
18.5,Fragmented hc
18.5,Fragmented hc
18.5,Particles
18.5,Fragmented hc
18.5,Blurry specimens
18.5,Blurry specimens
18.5,Blurry specimens
18.5,Fragmented hc
18.5,Micropsectra radialis
18.5,Fragmented hc
18.5,Background
18.5,Blurry specimens
18.5,Background
18.5,Heterotrissocladius marcidus
18.5,Multiple
18.5,Fragmented hc
18.5,Fragmented hc
18.5,Tanypodinae
18.5,unsure
18.5,Tanytarsus lugens
18.5,Corynoneura spp
18.5,Background
18.5,Multiple
18.5,Background
18.5,Fragmented hc
18.5,Corynoneura spp
18.5,Background
18.5,Blurry specimens
18.5,Background
18.5,Background
18.5,Blurry specimens
18.5,Background
18.5,Background
18.5,Background
18.5,Blurry specimens
18.5,Tanypodinae
18.5,Fragmented hc
18.5,Blurry specimens
18.5,Corynoneura spp
18.5,Fragmented hc
18.5,Blurry specimens
18.5,Fragmented hc
18.5,Micropsectra radialis
18.5,Corynoneura spp
18.5,Corynoneura spp
18.5,Background
18.5,Fragmented hc
18.5,Particles
18.5,Fragmented hc
18.5,Multiple
18.5,Fragmented hc
18.5,Multiple
18.5,Fragmented hc
18.5,Corynoneura spp
18.5,Background
18.5,Micropsectra radialis
18.5,Background
18.5,Fragmented hc
18.5,Fragmented hc
18.5,Fragmented hc
18.5,Corynoneura spp
18.5,Fragmented hc
18.5,Background
18.5,Multiple
18.5,Background
18.5,Fragmented hc
18.5,Blurry specimens
18.5,Fragmented hc
18.5,Blurry specimens
18.5,Micropsectra radialis
18.5,Multiple
18.5,Fragmented hc
18.5,Psectrocladius spp
18.5,Corynoneura spp
18.5,Fragmented hc
18.5,Fragmented hc
18.5,Particles
18.5,Blurry specimens
18.5,Background
18.5,Fragmented hc
18.5,Particles
18.5,Limnophyes type
18.5,Limnophyes type
18.5,Multiple
18.5,Fragmented hc
18.5,Tanytarsus lugens
18.5,Psectrocladius spp
18.5,Tanytarsus lugens
18.5,Fragmented hc
18.5,Micropsectra insignilobus
18.5,Fragmented hc
18.5,Tanypodinae
18.5,Fragmented hc
18.5,Background
18.5,Micropsectra radialis
18.5,Fragmented hc
18.5,Psectrocladius spp
18.5,Psectrocladius spp
18.5,Micropsectra radialis
18.5,Tanytarsus lugens
18.5,Fragmented hc
18.5,Fragmented hc
18.5,Fragmented hc
18.5,Corynoneura spp
18.5,Particles
18.5,Fragmented hc
18.5,Tanypodinae
18.5,Background
18.5,Fragmented hc
18.5,Tanytarsus lugens
18.5,Fragmented hc
18.5,Fragmented hc
18.5,Background
18.5,Fragmented hc
18.5,Tanypodinae
18.5,Multiple
18.5,Background
18.5,Fragmented hc
18.5,Background
18.5,Fragmented hc
18.5,Micropsectra radialis
18.5,Corynoneura spp
18.5,Corynoneura spp
18.5,Corynoneura spp
18.5,Background
18.5,Fragmented hc
18.5,Fragmented hc
18.5,Micropsectra radialis
18.5,Micropsectra insignilobus
18.5,Fragmented hc
18.5,Fragmented hc
18.5,Micropsectra radialis
18.5,Fragmented hc
18.5,Particles
18.5,Fragmented hc
18.5,Particles
18.5,Corynoneura spp
18.5,Fragmented hc
18.5,Background
18.5,Fragmented hc
18.5,Micropsectra insignilobus
18.5,Fragmented hc
18.5,Background
18.5,Psectrocladius spp
18.5,Fragmented hc
18.5,Corynoneura spp
18.5,Multiple
18.5,Tanytarsus lugens
18.5,Fragmented hc
18.5,Tanytarsus lugens
18.5,Particles
18.5,Particles
18.5,Multiple
18.5,Micropsectra radialis
18.5,Fragmented hc
18.5,Acari spp
18.5,Micropsectra radialis
18.5,Tanytarsus lugens
18.5,Fragmented hc
18.5,Multiple
18.5,Multiple
18.5,Mandible
18.5,Psectrocladius spp
18.5,Particles
18.5,Fragmented hc
18.5,Fragmented hc
18.5,Fragmented hc
18.5,Tanytarsus lugens
18.5,Fragmented hc
18.5,Micropsectra radialis
18.5,Fragmented hc
18.5,Corynoneura spp
18.5,Background
18.5,Micropsectra radialis
18.5,Particles
18.5,Background
18.5,Fragmented hc
18.5,Mandible
18.5,Multiple
18.5,Fragmented hc
18.5,Micropsectra radialis
18.5,Blurry specimens
18.5,Blurry specimens
18.5,Particles
18.5,Blurry specimens
18.5,Background
18.5,Corynoneura spp
18.5,Orthocladiinae Diamesinae
18.5,Tanytarsus lugens
18.5,unsure
18.5,unsure
18.5,Fragmented hc
18.5,Background
18.5,Background
18.5,Chaoborus mandible
18.5,Tanypodinae
18.5,Background
18.5,Background
18.5,Background
18.5,Multiple
18.5,Corynoneura spp
18.5,Corynoneura spp
18.5,Tanypodinae
18.5,Multiple
18.5,Fragmented hc
18.5,Particles
18.5,Tanypodinae
18.5,Fragmented hc
18.5,Heterotrissocladius marcidus
18.5,Blurry specimens
18.5,Multiple
18.5,Fragmented hc
18.5,Micropsectra radialis
18.5,Fragmented hc
18.5,Blurry specimens
18.5,Background
18.5,Blurry specimens
18.5,Blurry specimens
18.5,Corynoneura spp
18.5,Paratanytarsus austriacus
18.5,Fragmented hc
18.5,Micropsectra radialis
18.5,Tanypodinae
18.5,Fragmented hc
18.5,Multiple
18.5,Fragmented hc
18.5,Tanytarsus lugens
18.5,Micropsectra radialis
18.5,Multiple
18.5,Microtendipes pedellus
18.5,Fragmented hc
18.5,Fragmented hc
18.5,Fragmented hc
18.5,unsure
18.5,Multiple
18.5,Fragmented hc
18.5,Multiple
18.5,Blurry specimens
18.5,Blurry specimens
18.5,Background
18.5,Background
18.5,Fragmented hc
18.5,Heterotrissocladius marcidus
18.5,Micropsectra radialis
18.5,Fragmented hc
18.5,Fragmented hc
18.5,Multiple
18.5,Tanypodinae
18.5,Chaoborus mandible
18.5,Multiple
18.5,Fragmented hc
18.5,Micropsectra insignilobus
18.5,Fragmented hc
18.5,Heterotrissocladius marcidus
18.5,Fragmented hc
18.5,Fragmented hc
18.5,Fragmented hc
18.5,Tanypodinae
18.5,Particles
18.5,Corynoneura spp
18.5,Psectrocladius spp
18.5,unsure
18.5,Tanytarsus lugens
18.5,Psectrocladius spp
18.5,Fragmented hc
18.5,Multiple
18.5,Paratanytarsus austriacus
18.5,Fragmented hc
18.5,Multiple
18.5,Background
18.5,Fragmented hc
18.5,Fragmented hc
18.5,Fragmented hc
18.5,Particles
18.5,Blurry specimens
18.5,Fragmented hc
18.5,Fragmented hc
18.5,Background
18.5,Background
18.5,Background
18.5,Fragmented hc
18.5,Micropsectra radialis
18.5,Corynoneura spp
18.5,Fragmented hc
18.5,Fragmented hc
18.5,Fragmented hc
18.5,Background
18.5,Multiple
18.5,Psectrocladius spp
18.5,Corynoneura spp
18.5,Micropsectra insignilobus
18.5,Multiple
18.5,Fragmented hc
19.5,Fragmented hc
19.5,Corynoneura spp
19.5,Fragmented hc
19.5,Multiple
19.5,Fragmented hc
19.5,Corynoneura spp
19.5,Background
19.5,Tanytarsus lugens
19.5,Fragmented hc
19.5,Fragmented hc
19.5,Corynoneura spp
19.5,Fragmented hc
19.5,Particles
19.5,Corynoneura spp
19.5,Fragmented hc
19.5,Fragmented hc
19.5,Fragmented hc
19.5,Fragmented hc
19.5,Corynoneura spp
19.5,Chaoborus mandible
19.5,Blurry specimens
19.5,Chironomus spp
19.5,Fragmented hc
19.5,Tanytarsus lugens
19.5,Orthocladiinae Diamesinae
19.5,unsure
19.5,Fragmented hc
19.5,unsure
19.5,Fragmented hc
19.5,Heterotrissocladius marcidus
19.5,Fragmented hc
19.5,Fragmented hc
19.5,unsure
19.5,Fragmented hc
19.5,Chaoborus th
19.5,Heterotrissocladius marcidus
19.5,Fragmented hc
19.5,Particles
19.5,Background
19.5,Background
19.5,Fragmented hc
19.5,Fragmented hc
19.5,Corynoneura spp
19.5,Tanytarsus lugens
19.5,Fragmented hc
19.5,unsure
19.5,Microtendipes pedellus
19.5,Orthocladiinae Diamesinae
19.5,Multiple
19.5,Fragmented hc
19.5,Tanytarsus lugens
19.5,Microtendipes pedellus
19.5,Multiple
19.5,Fragmented hc
19.5,Limnophyes type
19.5,Chaoborus mandible
19.5,Fragmented hc
19.5,Fragmented hc
19.5,Fragmented hc
19.5,Corynoneura spp
19.5,Corynoneura spp
19.5,Micropsectra insignilobus
19.5,Corynoneura spp
19.5,Fragmented hc
19.5,Background
19.5,Heterotrissocladius marcidus
19.5,Fragmented hc
19.5,Fragmented hc
19.5,Micropsectra radialis
19.5,Psectrocladius spp
19.5,Fragmented hc
19.5,Fragmented hc
19.5,Fragmented hc
19.5,Corynoneura spp
19.5,Background
19.5,Fragmented hc
19.5,Corynoneura spp
19.5,Fragmented hc
19.5,Particles
19.5,Corynoneura spp
19.5,Fragmented hc
20.5,Heterotrissocladius marcidus
20.5,Fragmented hc
20.5,Psectrocladius spp
20.5,Fragmented hc
20.5,Tanytarsus lugens
20.5,Fragmented hc
20.5,Fragmented hc
20.5,Tanytarsus lugens
20.5,Tanypodinae
20.5,Background
20.5,Heterotrissocladius marcidus
20.5,Heterotrissocladius marcidus
20.5,Fragmented hc
20.5,Fragmented hc
20.5,Fragmented hc
20.5,Corynoneura spp
20.5,Micropsectra radialis
20.5,unsure
20.5,Fragmented hc
20.5,Blurry specimens
20.5,Fragmented hc
20.5,Micropsectra radialis
20.5,Micropsectra radialis
20.5,Micropsectra radialis
20.5,Background
20.5,Fragmented hc
20.5,Fragmented hc
20.5,Fragmented hc
20.5,Multiple
20.5,Fragmented hc
20.5,Corynoneura spp
20.5,Fragmented hc
20.5,Micropsectra radialis
20.5,Multiple
20.5,Tanypodinae
20.5,Fragmented hc
20.5,Fragmented hc
20.5,Fragmented hc
20.5,Corynoneura spp
20.5,Fragmented hc
20.5,Tanypodinae
20.5,Fragmented hc
20.5,Fragmented hc
20.5,Tanytarsus lugens
20.5,Microtendipes pedellus
20.5,Fragmented hc
20.5,Background
20.5,Background
20.5,Tanytarsus lugens
20.5,Tanytarsus lugens
20.5,Tanytarsus lugens
20.5,Corynoneura spp
20.5,Micropsectra radialis
20.5,Multiple
20.5,Heterotrissocladius marcidus
20.5,Micropsectra radialis
20.5,Chaoborus mandible
20.5,Fragmented hc
20.5,Fragmented hc
20.5,Tanytarsus lugens
20.5,Micropsectra radialis
20.5,Tanypodinae
20.5,Fragmented hc
20.5,Fragmented hc
20.5,Fragmented hc
20.5,Background
20.5,Background
20.5,Background
20.5,Micropsectra radialis
20.5,Micropsectra insignilobus
20.5,Multiple
20.5,unsure
20.5,Corynoneura spp
20.5,Corynoneura spp
20.5,Fragmented hc
20.5,Fragmented hc
20.5,Fragmented hc
20.5,Background
20.5,Fragmented hc
20.5,Orthocladiinae Diamesinae
20.5,Fragmented hc
20.5,Multiple
20.5,Fragmented hc
20.5,Background
20.5,Chaoborus mandible
20.5,Psectrocladius spp
20.5,Background
20.5,Corynoneura spp
20.5,Corynoneura spp
20.5,Corynoneura spp
20.5,Corynoneura spp
20.5,Fragmented hc
20.5,Background
20.5,Blurry specimens
20.5,Blurry specimens
20.5,Multiple
20.5,Fragmented hc
20.5,Corynoneura spp
20.5,Fragmented hc
20.5,Fragmented hc
20.5,Corynoneura spp
20.5,Fragmented hc
20.5,Particles
20.5,Fragmented hc
20.5,Fragmented hc
20.5,Fragmented hc
20.5,Micropsectra radialis
20.5,Fragmented hc
20.5,Micropsectra radialis
20.5,Fragmented hc
20.5,Fragmented hc
20.5,Tanypodinae
20.5,Fragmented hc
20.5,Background
20.5,Micropsectra radialis
20.5,Fragmented hc
20.5,Tanypodinae
20.5,Fragmented hc
20.5,Particles
20.5,Fragmented hc
20.5,Fragmented hc
20.5,Background
20.5,Fragmented hc
20.5,Tanypodinae
20.5,Fragmented hc
20.5,Tanypodinae
20.5,Fragmented hc
20.5,Corynoneura spp
20.5,Blurry specimens
20.5,Tanypodinae
20.5,Background
20.5,Blurry specimens
20.5,Micropsectra radialis
20.5,Fragmented hc
20.5,Background
20.5,Micropsectra insignilobus
20.5,Fragmented hc
20.5,Background
20.5,Blurry specimens
20.5,Micropsectra radialis
20.5,Micropsectra radialis
20.5,Background
20.5,Background
20.5,Particles
20.5,Micropsectra radialis
20.5,Particles
20.5,Blurry specimens
20.5,Particles
20.5,Blurry specimens
20.5,Fragmented hc
20.5,Tanytarsus lugens
20.5,Fragmented hc
20.5,Particles
20.5,Fragmented hc
20.5,Background
20.5,Blurry specimens
20.5,Blurry specimens
20.5,Multiple
20.5,Micropsectra insignilobus
20.5,Fragmented hc
20.5,Corynoneura spp
20.5,Background
20.5,Fragmented hc
20.5,Chaoborus mandible
20.5,Background
20.5,Blurry specimens
20.5,Blurry specimens
20.5,Blurry specimens
20.5,Background
20.5,Fragmented hc
20.5,Background
20.5,Tanytarsus lugens
20.5,Fragmented hc
20.5,Tanytarsus lugens
20.5,Tanypodinae
20.5,Micropsectra radialis
20.5,unsure
20.5,Micropsectra insignilobus
20.5,Background
20.5,Background
20.5,Background
20.5,Micropsectra radialis
20.5,Fragmented hc
20.5,Psectrocladius spp
20.5,Fragmented hc
20.5,Micropsectra radialis
20.5,Fragmented hc
20.5,Tanypodinae
20.5,Micropsectra radialis
20.5,Fragmented hc
20.5,Blurry specimens
20.5,Tanypodinae
20.5,Microtendipes pedellus
20.5,Blurry specimens
20.5,Blurry specimens
20.5,Chaoborus mandible
22.5,Fragmented hc
22.5,Fragmented hc
22.5,Tanytarsus lugens
22.5,Background
22.5,Multiple
22.5,Psectrocladius spp
22.5,Particles
22.5,Corynoneura spp
22.5,Micropsectra insignilobus
22.5,Tanytarsus lugens
22.5,Background
22.5,Heterotrissocladius marcidus
22.5,Micropsectra radialis
22.5,Micropsectra radialis
22.5,Fragmented hc
22.5,Particles
22.5,Tanytarsus lugens
22.5,Fragmented hc
22.5,Micropsectra radialis
22.5,Micropsectra radialis
22.5,Tanytarsus lugens
22.5,Fragmented hc
22.5,Fragmented hc
22.5,Background
22.5,Tanypodinae
22.5,Fragmented hc
22.5,Fragmented hc
22.5,Fragmented hc
22.5,unsure
22.5,Micropsectra radialis
22.5,Fragmented hc
22.5,Micropsectra radialis
22.5,Fragmented hc
22.5,Fragmented hc
22.5,Micropsectra radialis
22.5,Fragmented hc
22.5,Tanytarsus lugens
22.5,Corynoneura spp
22.5,Psectrocladius spp
22.5,Multiple
22.5,Chironomus spp
22.5,Fragmented hc
22.5,Fragmented hc
22.5,Fragmented hc
22.5,Fragmented hc
22.5,Pentaneurini spp
22.5,Heterotrissocladius marcidus
22.5,Paratanytarsus austriacus
22.5,Particles
22.5,Fragmented hc
22.5,Micropsectra radialis
22.5,Fragmented hc
22.5,Fragmented hc
22.5,Fragmented hc
22.5,Fragmented hc
22.5,Fragmented hc
22.5,Fragmented hc
22.5,Multiple
22.5,Tanytarsus lugens
22.5,Mandible
22.5,Blurry specimens
22.5,Fragmented hc
22.5,Background
22.5,Fragmented hc
22.5,Tanytarsus lugens
22.5,Fragmented hc
22.5,Fragmented hc
22.5,Corynoneura spp
22.5,Mandible
22.5,Blurry specimens
22.5,Acari spp
22.5,Fragmented hc
22.5,Fragmented hc
22.5,Fragmented hc
22.5,Background
22.5,Fragmented hc
22.5,Tanytarsus lugens
22.5,Particles
22.5,Fragmented hc
22.5,Chaoborus mandible
22.5,Psectrocladius spp
22.5,Fragmented hc
22.5,Fragmented hc
22.5,Fragmented hc
22.5,unsure
22.5,Fragmented hc
22.5,Fragmented hc
22.5,Fragmented hc
22.5,Blurry specimens
22.5,Fragmented hc
22.5,Fragmented hc
22.5,Fragmented hc
22.5,Micropsectra radialis
22.5,Corynoneura spp
22.5,Background
22.5,Tanytarsus lugens
22.5,Limnophyes type
22.5,Blurry specimens
22.5,Blurry specimens
22.5,Blurry specimens
22.5,Fragmented hc
22.5,Fragmented hc
22.5,Micropsectra radialis
22.5,Background
22.5,unsure
22.5,Micropsectra radialis
22.5,Multiple
22.5,Fragmented hc
22.5,Particles
22.5,Micropsectra radialis
22.5,Fragmented hc
22.5,Fragmented hc
22.5,unsure
22.5,Background
22.5,Multiple
22.5,Fragmented hc
22.5,Tanytarsus spp
22.5,Fragmented hc
22.5,Multiple
22.5,Fragmented hc
22.5,Fragmented hc
22.5,Micropsectra insignilobus
22.5,Corynoneura spp
22.5,Chaoborus mandible
22.5,Fragmented hc
22.5,Tanytarsus lugens
22.5,Fragmented hc
22.5,Micropsectra radialis
22.5,Fragmented hc
22.5,Fragmented hc
22.5,Fragmented hc
22.5,Fragmented hc
22.5,Tanytarsus lugens
22.5,Multiple
22.5,unsure
22.5,Fragmented hc
22.5,Background
22.5,Fragmented hc
22.5,Particles
22.5,Background
22.5,Psectrocladius spp
22.5,Chironomus spp
22.5,Corynoneura spp
22.5,Micropsectra insignilobus
22.5,Heterotrissocladius marcidus
22.5,Fragmented hc
22.5,Background
22.5,Multiple
22.5,Background
22.5,Multiple
22.5,Background
22.5,Mandible
22.5,Fragmented hc
22.5,Multiple
22.5,Fragmented hc
22.5,others
22.5,Tanytarsus lugens
22.5,Fragmented hc
22.5,Tanypodinae
22.5,Fragmented hc
22.5,Corynoneura spp
22.5,Psectrocladius spp
22.5,Fragmented hc
22.5,Fragmented hc
22.5,Heterotrissocladius marcidus
22.5,Micropsectra radialis
22.5,Background
22.5,Tanypodinae
22.5,Multiple
22.5,Multiple
22.5,Tanypodinae
22.5,Background
22.5,Micropsectra insignilobus
22.5,unsure
22.5,Background
22.5,Fragmented hc
22.5,Tanytarsus lugens
22.5,Blurry specimens
22.5,Blurry specimens
22.5,Fragmented hc
22.5,Background
22.5,Fragmented hc
22.5,Fragmented hc
22.5,Mandible
22.5,Fragmented hc
22.5,Fragmented hc
22.5,Multiple
22.5,Multiple
22.5,Background
22.5,unsure
22.5,Background
22.5,Fragmented hc
22.5,Fragmented hc
22.5,Background
22.5,Multiple
22.5,Fragmented hc
22.5,Fragmented hc
22.5,Fragmented hc
22.5,Fragmented hc
22.5,Fragmented hc
22.5,Fragmented hc
22.5,Fragmented hc
22.5,Chironomus spp
22.5,Fragmented hc
22.5,Acari spp
22.5,Fragmented hc
22.5,Corynoneura spp
22.5,Tanypodinae
22.5,Fragmented hc
22.5,Fragmented hc
22.5,Fragmented hc
22.5,Fragmented hc
22.5,Fragmented hc
22.5,Blurry specimens
22.5,Fragmented hc
22.5,Micropsectra radialis
22.5,Tanypodinae
22.5,Fragmented hc
22.5,Fragmented hc
22.5,Fragmented hc
22.5,Fragmented hc
22.5,Fragmented hc
22.5,Multiple
22.5,Fragmented hc
22.5,Tanytarsus lugens
22.5,Fragmented hc
22.5,Orthocladiinae Diamesinae
22.5,Fragmented hc
22.5,Multiple
22.5,Micropsectra insignilobus
22.5,Tanypodinae
22.5,Fragmented hc
22.5,Fragmented hc
22.5,Micropsectra radialis
22.5,Fragmented hc
22.5,Fragmented hc
22.5,Corynoneura spp
22.5,Corynoneura spp
22.5,Fragmented hc
22.5,Background
22.5,Background
22.5,Mandible
22.5,Fragmented hc
22.5,Particles
22.5,Fragmented hc
22.5,Multiple
22.5,Tanypodinae
22.5,Background
22.5,Fragmented hc
22.5,Micropsectra radialis
22.5,Tanypodinae
22.5,Background
24.5,Tanytarsus lugens
24.5,Pseudochironomus spp
24.5,Fragmented hc
24.5,Particles
24.5,Multiple
24.5,Fragmented hc
24.5,Background
24.5,Tanypodinae
24.5,Fragmented hc
24.5,Fragmented hc
24.5,Multiple
24.5,Fragmented hc
24.5,Fragmented hc
24.5,Fragmented hc
24.5,Fragmented hc
24.5,Micropsectra radialis
24.5,Fragmented hc
24.5,Corynoneura spp
24.5,Multiple
24.5,Microtendipes pedellus
24.5,Fragmented hc
24.5,Fragmented hc
24.5,Background
24.5,Fragmented hc
24.5,Multiple
24.5,Corynoneura spp
24.5,Fragmented hc
24.5,Fragmented hc
24.5,Psectrocladius spp
24.5,Fragmented hc
24.5,Fragmented hc
24.5,Multiple
24.5,Fragmented hc
24.5,Fragmented hc
24.5,Psectrocladius spp
24.5,Micropsectra insignilobus
24.5,Fragmented hc
24.5,Tanytarsus lugens
24.5,Fragmented hc
24.5,Corynoneura spp
24.5,Heterotrissocladius marcidus
24.5,Fragmented hc
24.5,Fragmented hc
24.5,Fragmented hc
24.5,Background
24.5,Background
24.5,Fragmented hc
24.5,Fragmented hc
24.5,Background
24.5,Fragmented hc
24.5,Tanypodinae
24.5,Psectrocladius spp
24.5,Micropsectra radialis
24.5,Fragmented hc
24.5,Particles
24.5,Particles
24.5,Fragmented hc
24.5,Corynoneura spp
24.5,Micropsectra radialis
24.5,Fragmented hc
24.5,Background
24.5,Background
24.5,Fragmented hc
24.5,Pentaneurini spp
24.5,unsure
24.5,Fragmented hc
24.5,Fragmented hc
24.5,Background
24.5,Mandible
24.5,Chaoborus mandible
24.5,Psectrocladius spp
24.5,Tanytarsus lugens
24.5,Fragmented hc
24.5,Micropsectra radialis
24.5,Fragmented hc
24.5,Particles
24.5,Fragmented hc
24.5,Fragmented hc
24.5,Multiple
24.5,Micropsectra radialis
24.5,Multiple
24.5,Fragmented hc
24.5,Tanypodinae
24.5,Tanytarsus lugens
24.5,Fragmented hc
24.5,Fragmented hc
24.5,Fragmented hc
24.5,Multiple
24.5,Microtendipes pedellus
24.5,Fragmented hc
24.5,Pentaneurini spp
24.5,Acari spp
24.5,Fragmented hc
24.5,Fragmented hc
24.5,Fragmented hc
24.5,Fragmented hc
24.5,Fragmented hc
24.5,Micropsectra radialis
24.5,Background
24.5,Fragmented hc
24.5,unsure
24.5,Corynoneura spp
24.5,Multiple
24.5,Particles
24.5,Microtendipes pedellus
24.5,Fragmented hc
24.5,Chironomus spp
24.5,Particles
24.5,Background
24.5,Background
24.5,Tanypodinae
24.5,Fragmented hc
24.5,Microtendipes pedellus
24.5,Background
24.5,Fragmented hc
24.5,Background
24.5,Corynoneura spp
24.5,Fragmented hc
24.5,Fragmented hc
24.5,Fragmented hc
24.5,Fragmented hc
24.5,Fragmented hc
24.5,Corynoneura spp
24.5,Fragmented hc
24.5,Fragmented hc
24.5,Fragmented hc
24.5,Background
24.5,Multiple
24.5,Fragmented hc
24.5,Fragmented hc
24.5,Fragmented hc
24.5,Blurry specimens
24.5,Fragmented hc
24.5,Background
24.5,Fragmented hc
24.5,Orthocladiinae Diamesinae
24.5,Particles
24.5,Background
24.5,Background
24.5,Background
24.5,Tanypodinae
24.5,Micropsectra insignilobus
24.5,Background
24.5,Corynoneura spp
24.5,Background
24.5,Blurry specimens
24.5,Particles
24.5,Micropsectra radialis
24.5,Fragmented hc
24.5,Micropsectra radialis
24.5,Micropsectra insignilobus
24.5,Background
24.5,Micropsectra radialis
24.5,Psectrocladius spp
24.5,Orthocladiinae Diamesinae
24.5,Background
24.5,Fragmented hc
24.5,Fragmented hc
24.5,Psectrocladius spp
24.5,Tanypodinae
24.5,Particles
24.5,Corynoneura spp
24.5,Psectrocladius spp
24.5,Pentaneurini spp
24.5,Particles
24.5,Tanytarsus lugens
24.5,Fragmented hc
24.5,Corynoneura spp
24.5,Chaoborus mandible
24.5,Micropsectra radialis
24.5,Micropsectra insignilobus
24.5,Fragmented hc
24.5,Background
24.5,Background
24.5,Micropsectra radialis
24.5,Fragmented hc
24.5,Fragmented hc
24.5,Fragmented hc
24.5,Micropsectra insignilobus
24.5,Fragmented hc
24.5,Fragmented hc
24.5,Tanytarsus lugens
24.5,Fragmented hc
24.5,Fragmented hc
24.5,Chaoborus th
24.5,Fragmented hc
24.5,Fragmented hc
24.5,Fragmented hc
24.5,Fragmented hc
24.5,Fragmented hc
24.5,Fragmented hc
24.5,Fragmented hc
24.5,Heterotrissocladius marcidus
24.5,Fragmented hc
24.5,Micropsectra radialis
24.5,Fragmented hc
24.5,Fragmented hc
24.5,Fragmented hc
24.5,Fragmented hc
24.5,Particles
24.5,Background
24.5,Blurry specimens
24.5,Multiple
24.5,Heterotrissocladius marcidus
24.5,Fragmented hc
24.5,Heterotrissocladius marcidus
24.5,Orthocladiinae Diamesinae
24.5,Corynoneura spp
24.5,Fragmented hc
24.5,Multiple
24.5,Heterotrissocladius marcidus
24.5,Fragmented hc
24.5,Fragmented hc
24.5,Tanypodinae
24.5,Fragmented hc
24.5,Tanytarsus lugens
24.5,Orthocladiinae Diamesinae
24.5,Pentaneurini spp
24.5,others
24.5,Micropsectra radialis
24.5,Tanytarsus lugens
24.5,Fragmented hc
24.5,Fragmented hc
24.5,Acari spp
24.5,Particles
24.5,Fragmented hc
24.5,Background
24.5,Fragmented hc
24.5,Particles
24.5,Fragmented hc
24.5,Particles
24.5,Fragmented hc
24.5,Mandible
24.5,Fragmented hc
24.5,Multiple
24.5,Fragmented hc
24.5,Heterotrissocladius marcidus
24.5,Background
24.5,Tanytarsus lugens
24.5,Fragmented hc
24.5,Tanytarsus lugens
24.5,Fragmented hc
24.5,Fragmented hc
24.5,Fragmented hc
24.5,Particles
24.5,Heterotrissocladius marcidus
24.5,Mandible
24.5,others
24.5,Fragmented hc
24.5,Fragmented hc
24.5,Micropsectra radialis
24.5,Background
24.5,Fragmented hc
24.5,Micropsectra radialis
24.5,Fragmented hc
24.5,Fragmented hc
24.5,Tanypodinae
24.5,Fragmented hc
24.5,Fragmented hc
24.5,Corynoneura spp
24.5,Fragmented hc
24.5,Fragmented hc
24.5,Fragmented hc
24.5,Background
24.5,Chironomus spp
24.5,Multiple
24.5,Micropsectra insignilobus
24.5,Tanypodinae
24.5,Fragmented hc
24.5,Tanytarsus lugens
24.5,Micropsectra radialis
24.5,Fragmented hc
24.5,Background
24.5,Micropsectra radialis
24.5,Fragmented hc
24.5,Micropsectra radialis
24.5,Tanytarsus lugens
24.5,Mandible
24.5,Particles
24.5,Fragmented hc
24.5,Fragmented hc
24.5,Fragmented hc
24.5,Fragmented hc
24.5,Fragmented hc
24.5,Chironomus spp
24.5,Fragmented hc
24.5,Fragmented hc
24.5,Micropsectra radialis
24.5,Paratanytarsus austriacus
24.5,Fragmented hc
24.5,Background
24.5,Microtendipes pedellus
24.5,Fragmented hc
24.5,Tanypodinae
24.5,Fragmented hc
24.5,Tanytarsus lugens
24.5,Fragmented hc
24.5,Particles
24.5,Background
24.5,Microtendipes pedellus
24.5,Corynoneura spp
24.5,Corynoneura spp
24.5,Tanytarsus lugens
24.5,Fragmented hc
24.5,Particles
24.5,Background
24.5,Fragmented hc
24.5,Fragmented hc
24.5,Fragmented hc
24.5,Background
24.5,Fragmented hc
24.5,Psectrocladius spp
24.5,Fragmented hc
24.5,Multiple
24.5,Tanytarsus lugens
24.5,Pentaneurini spp
24.5,Background
24.5,Fragmented hc
24.5,Background
24.5,Fragmented hc
24.5,Background
24.5,Background
24.5,Background
24.5,Background
24.5,Background
24.5,Micropsectra radialis
24.5,Fragmented hc
24.5,Orthocladiinae Diamesinae
24.5,Tanytarsus lugens
24.5,Fragmented hc
24.5,Fragmented hc
24.5,Background
24.5,Tanytarsus lugens
24.5,Fragmented hc
24.5,Tanytarsus lugens
24.5,Fragmented hc
24.5,Fragmented hc
24.5,Fragmented hc
24.5,Fragmented hc
24.5,Heterotrissocladius marcidus
24.5,Fragmented hc
24.5,Fragmented hc
24.5,Blurry specimens
24.5,Multiple
24.5,Fragmented hc
24.5,Fragmented hc
24.5,Background
24.5,Particles
24.5,Particles
24.5,Fragmented hc
24.5,Orthocladiinae Diamesinae
24.5,Multiple
24.5,Background
24.5,Psectrocladius spp
24.5,Background
24.5,Fragmented hc
24.5,Paratanytarsus austriacus
24.5,Micropsectra radialis
24.5,Fragmented hc
24.5,Background
24.5,Background
24.5,Blurry specimens
24.5,Tanytarsus lugens
24.5,Microtendipes pedellus
24.5,Fragmented hc
24.5,Micropsectra radialis
24.5,Fragmented hc
24.5,Background
24.5,Background
24.5,Background
24.5,Fragmented hc
24.5,Particles
24.5,Corynoneura spp
24.5,Background
24.5,Fragmented hc
24.5,Heterotrissocladius marcidus
24.5,Fragmented hc
24.5,Fragmented hc
24.5,Background
24.5,Micropsectra radialis
24.5,Fragmented hc
24.5,Multiple
24.5,Mandible
24.5,Orthocladiinae Diamesinae
24.5,Corynoneura spp
24.5,Fragmented hc
24.5,Micropsectra radialis
24.5,Micropsectra radialis
24.5,Background
24.5,Fragmented hc
24.5,Micropsectra radialis
26.5,Blurry specimens
26.5,Micropsectra radialis
26.5,Orthocladiinae Diamesinae
26.5,Blurry specimens
26.5,Mentum
26.5,Tanytarsus spp
26.5,Fragmented hc
26.5,Psectrocladius spp
26.5,Micropsectra radialis
26.5,Micropsectra radialis
26.5,Multiple
26.5,Psectrocladius spp
26.5,Micropsectra radialis
26.5,Mentum
26.5,Background
26.5,Orthocladiinae Diamesinae
26.5,Background
26.5,Fragmented hc
26.5,Background
26.5,Background
26.5,Fragmented hc
26.5,Multiple
26.5,unsure
26.5,Blurry specimens
26.5,Background
26.5,Fragmented hc
26.5,Micropsectra radialis
26.5,Blurry specimens
26.5,Blurry specimens
26.5,Blurry specimens
26.5,Multiple
26.5,Tanytarsus lugens
26.5,Heterotrissocladius marcidus
26.5,Blurry specimens
26.5,Background
26.5,Fragmented hc
26.5,Microtendipes pedellus
26.5,Fragmented hc
26.5,Fragmented hc
26.5,Multiple
26.5,Background
26.5,Fragmented hc
26.5,Blurry specimens
26.5,Particles
26.5,Limnophyes type
26.5,Tanytarsus lugens
26.5,Background
26.5,Background
26.5,Psectrocladius spp
26.5,Fragmented hc
26.5,Fragmented hc
26.5,Tanypodinae
26.5,Background
26.5,Background
26.5,Background
26.5,Tanytarsus lugens
26.5,Particles
26.5,Tanytarsus lugens
26.5,Tanypodinae
26.5,Fragmented hc
26.5,unsure
26.5,Fragmented hc
26.5,Fragmented hc
26.5,Chironomus spp
26.5,Particles
26.5,Corynoneura spp
26.5,others
26.5,Blurry specimens
26.5,Fragmented hc
26.5,Background
26.5,Background
26.5,Tanypodinae
26.5,Blurry specimens
26.5,Background
26.5,Micropsectra radialis
26.5,Micropsectra radialis
26.5,Fragmented hc
26.5,Fragmented hc
26.5,Background
26.5,Particles
26.5,Multiple
26.5,Tanytarsus lugens
26.5,Heterotrissocladius marcidus
26.5,Mandible
26.5,Fragmented hc
26.5,Fragmented hc
26.5,Microtendipes pedellus
26.5,Background
26.5,Corynoneura spp
26.5,Fragmented hc
26.5,Corynoneura spp
26.5,Fragmented hc
26.5,Tanypodinae
26.5,Orthocladiinae Diamesinae
26.5,Particles
26.5,Fragmented hc
26.5,Micropsectra radialis
26.5,Fragmented hc
26.5,Fragmented hc
26.5,Background
26.5,Tanypodinae
26.5,Fragmented hc
26.5,Corynoneura spp
26.5,Tanytarsus spp
26.5,Fragmented hc
26.5,Acari spp
26.5,Tanypodinae
26.5,Background
26.5,Fragmented hc
26.5,Heterotrissocladius marcidus
26.5,Fragmented hc
26.5,Fragmented hc
26.5,Background
26.5,Psectrocladius spp
26.5,Background
26.5,Fragmented hc
26.5,Micropsectra radialis
26.5,Fragmented hc
26.5,unsure
26.5,Fragmented hc
26.5,Background
26.5,Fragmented hc
26.5,Fragmented hc
26.5,Fragmented hc
26.5,Background
26.5,Fragmented hc
26.5,Fragmented hc
26.5,Tanytarsus lugens
26.5,Background
26.5,Heterotrissocladius marcidus
26.5,Micropsectra insignilobus
26.5,others
26.5,Tanytarsus lugens
26.5,Fragmented hc
26.5,Fragmented hc
26.5,Micropsectra radialis
26.5,Blurry specimens
26.5,Blurry specimens
26.5,Blurry specimens
26.5,Tanypodinae
26.5,Particles
26.5,Background
26.5,Blurry specimens
26.5,Blurry specimens
26.5,Fragmented hc
26.5,Fragmented hc
26.5,Blurry specimens
26.5,Fragmented hc
26.5,Tanytarsus lugens
26.5,Fragmented hc
26.5,Fragmented hc
26.5,Micropsectra insignilobus
26.5,Corynoneura spp
26.5,Background
26.5,Fragmented hc
26.5,Fragmented hc
26.5,Fragmented hc
26.5,Tanypodinae
26.5,Particles
26.5,Fragmented hc
26.5,Fragmented hc
26.5,Fragmented hc
26.5,Fragmented hc
26.5,Fragmented hc
26.5,Orthocladiinae Diamesinae
26.5,Micropsectra radialis
26.5,Mandible
26.5,Tanypodinae
26.5,Fragmented hc
26.5,Tanypodinae
26.5,Fragmented hc
26.5,Multiple
26.5,Fragmented hc
26.5,Background
26.5,Micropsectra radialis
26.5,Fragmented hc
26.5,Micropsectra radialis
26.5,Fragmented hc
26.5,Micropsectra radialis
26.5,Background
26.5,Multiple
26.5,Background
26.5,Heterotrissocladius marcidus
26.5,Fragmented hc
26.5,Fragmented hc
26.5,Micropsectra radialis
26.5,Fragmented hc
26.5,Fragmented hc
26.5,Fragmented hc
26.5,Corynoneura spp
26.5,Corynoneura spp
26.5,Fragmented hc
26.5,Fragmented hc
26.5,Fragmented hc
26.5,Micropsectra radialis
26.5,Background
26.5,Multiple
26.5,Micropsectra insignilobus
26.5,Psectrocladius spp
26.5,Heterotrissocladius marcidus
26.5,Micropsectra insignilobus
26.5,Fragmented hc
26.5,Tanytarsus lugens
26.5,Tanytarsus lugens
26.5,Fragmented hc
26.5,Fragmented hc
26.5,Background
26.5,Background
26.5,Fragmented hc
26.5,Fragmented hc
26.5,Background
26.5,Mandible
26.5,Background
26.5,Fragmented hc
26.5,Micropsectra insignilobus
26.5,Micropsectra radialis
26.5,Fragmented hc
26.5,Fragmented hc
26.5,Fragmented hc
26.5,Fragmented hc
26.5,Fragmented hc
26.5,Fragmented hc
26.5,Fragmented hc
26.5,Diatom
26.5,Fragmented hc
26.5,Fragmented hc
26.5,Corynoneura spp
26.5,Fragmented hc
26.5,Fragmented hc
26.5,Background
26.5,Micropsectra radialis
26.5,Background
26.5,Micropsectra radialis
26.5,Background
26.5,Micropsectra radialis
26.5,Tanytarsus lugens
26.5,Blurry specimens
26.5,Fragmented hc
26.5,Fragmented hc
26.5,Micropsectra radialis
26.5,Corynoneura spp
26.5,Background
26.5,Micropsectra insignilobus
26.5,Micropsectra radialis
26.5,Tanytarsus lugens
26.5,Particles
26.5,Background
26.5,Background
26.5,Blurry specimens
26.5,Blurry specimens
26.5,Background
26.5,Blurry specimens
26.5,Fragmented hc
26.5,Background
26.5,Blurry specimens
26.5,Blurry specimens
26.5,Background
26.5,Blurry specimens
26.5,Particles
26.5,Background
26.5,Background
26.5,Background
26.5,Background
26.5,Background
26.5,Blurry specimens
26.5,Blurry specimens
26.5,Blurry specimens
26.5,Background
26.5,Blurry specimens
26.5,Background
26.5,Background
26.5,Micropsectra radialis
26.5,Particles
26.5,Heterotrissocladius marcidus
26.5,Fragmented hc
26.5,Fragmented hc
26.5,Orthocladiinae Diamesinae
26.5,Tanypodinae
26.5,Fragmented hc
26.5,Corynoneura spp
26.5,Fragmented hc
26.5,Fragmented hc
26.5,Fragmented hc
26.5,Tanypodinae
26.5,Blurry specimens
26.5,Fragmented hc
26.5,Micropsectra radialis
26.5,Micropsectra radialis
26.5,Particles
26.5,Tanytarsus lugens
26.5,Micropsectra radialis
26.5,Micropsectra radialis
26.5,Tanypodinae
26.5,Tanytarsus spp
26.5,Fragmented hc
26.5,Micropsectra radialis
26.5,Background
26.5,Multiple
26.5,Fragmented hc
26.5,Multiple
26.5,Fragmented hc
26.5,Background
26.5,Chironomus spp
26.5,Fragmented hc
26.5,Corynoneura spp
26.5,Fragmented hc
26.5,Mandible
26.5,Tanytarsus lugens
26.5,Fragmented hc
26.5,Fragmented hc
26.5,Fragmented hc
26.5,Multiple
26.5,Fragmented hc
26.5,Blurry specimens
26.5,Fragmented hc
26.5,Pentaneurini spp
26.5,Tanytarsus lugens
26.5,Tanypodinae
26.5,Microtendipes pedellus
26.5,Micropsectra radialis
26.5,Fragmented hc
26.5,Background
26.5,Blurry specimens
26.5,Pentaneurini spp
26.5,Fragmented hc
26.5,Fragmented hc
26.5,Blurry specimens
26.5,Fragmented hc
26.5,Blurry specimens
26.5,Tanytarsus spp
26.5,Corynoneura spp
26.5,Micropsectra radialis
26.5,Fragmented hc
26.5,Micropsectra radialis
26.5,unsure
26.5,Background
26.5,Fragmented hc
26.5,Background
26.5,Fragmented hc
26.5,Fragmented hc
26.5,Background
26.5,Background
26.5,Fragmented hc
26.5,Fragmented hc
26.5,Fragmented hc
26.5,Chironomus spp
26.5,Fragmented hc
26.5,Fragmented hc
26.5,Tanypodinae
26.5,Fragmented hc
26.5,Fragmented hc
26.5,Fragmented hc
26.5,Fragmented hc
26.5,Micropsectra insignilobus
26.5,Multiple
26.5,Fragmented hc
26.5,Corynoneura spp
26.5,Fragmented hc
26.5,Multiple
26.5,Tanytarsus lugens
26.5,Fragmented hc
28.5,Fragmented hc
28.5,Corynoneura spp
28.5,Fragmented hc
28.5,Fragmented hc
28.5,Fragmented hc
28.5,Fragmented hc
28.5,Fragmented hc
28.5,Multiple
28.5,Microtendipes pedellus
28.5,Corynoneura spp
28.5,Fragmented hc
28.5,Blurry specimens
28.5,Blurry specimens
28.5,Corynoneura spp
28.5,Background
28.5,Particles
28.5,Chaoborus mandible
28.5,Micropsectra radialis
28.5,Fragmented hc
28.5,Fragmented hc
28.5,Fragmented hc
28.5,Fragmented hc
28.5,Fragmented hc
28.5,Micropsectra insignilobus
28.5,Particles
28.5,Particles
28.5,Fragmented hc
28.5,Fragmented hc
28.5,Fragmented hc
28.5,Fragmented hc
28.5,Fragmented hc
28.5,Tanytarsus spp
28.5,Particles
28.5,Fragmented hc
28.5,Background
28.5,Fragmented hc
28.5,Tanytarsus lugens
28.5,Background
28.5,Corynoneura spp
28.5,Background
28.5,Blurry specimens
28.5,Fragmented hc
28.5,Fragmented hc
28.5,Tanypodinae
28.5,Multiple
28.5,Fragmented hc
28.5,Orthocladiinae Diamesinae
28.5,Fragmented hc
28.5,Background
28.5,Fragmented hc
28.5,Tanytarsus lugens
28.5,unsure
28.5,Background
28.5,Fragmented hc
28.5,Multiple
28.5,Multiple
28.5,Tanytarsus lugens
28.5,Fragmented hc
28.5,Multiple
28.5,Fragmented hc
28.5,Particles
28.5,Fragmented hc
28.5,Micropsectra radialis
28.5,Fragmented hc
28.5,Fragmented hc
28.5,Fragmented hc
28.5,Fragmented hc
28.5,Fragmented hc
28.5,Fragmented hc
28.5,Multiple
28.5,Fragmented hc
28.5,Fragmented hc
28.5,Tanypodinae
28.5,Tanytarsus lugens
28.5,Psectrocladius spp
28.5,Fragmented hc
28.5,Micropsectra insignilobus
28.5,Fragmented hc
28.5,Multiple
28.5,Fragmented hc
28.5,Fragmented hc
28.5,Fragmented hc
28.5,Tanytarsus lugens
28.5,Micropsectra radialis
28.5,Fragmented hc
28.5,Blurry specimens
28.5,Fragmented hc
28.5,Background
28.5,Fragmented hc
28.5,Fragmented hc
28.5,Multiple
28.5,Fragmented hc
28.5,unsure
28.5,Fragmented hc
28.5,Background
28.5,Fragmented hc
28.5,Tanytarsus spp
28.5,Particles
28.5,Psectrocladius spp
28.5,Corynoneura spp
28.5,Particles
28.5,Fragmented hc
28.5,Micropsectra insignilobus
28.5,Fragmented hc
28.5,Fragmented hc
28.5,Fragmented hc
28.5,Corynoneura spp
28.5,Micropsectra insignilobus
28.5,Tanypodinae
28.5,Fragmented hc
28.5,Background
28.5,Particles
28.5,Tanytarsus lugens
28.5,Fragmented hc
28.5,Fragmented hc
28.5,Micropsectra radialis
28.5,Corynoneura spp
28.5,Orthocladiinae Diamesinae
28.5,Background
28.5,Background
28.5,Fragmented hc
28.5,Background
28.5,Fragmented hc
28.5,Background
28.5,Background
28.5,Fragmented hc
28.5,Fragmented hc
28.5,Multiple
28.5,Fragmented hc
28.5,Fragmented hc
28.5,Fragmented hc
28.5,Fragmented hc
28.5,Fragmented hc
28.5,Fragmented hc
28.5,Blurry specimens
28.5,Fragmented hc
28.5,Heterotrissocladius marcidus
28.5,Micropsectra radialis
28.5,Background
28.5,Background
28.5,Fragmented hc
28.5,Background
28.5,Micropsectra radialis
28.5,Fragmented hc
28.5,Mentum
28.5,Fragmented hc
28.5,Fragmented hc
28.5,Blurry specimens
28.5,Background
28.5,Particles
28.5,Fragmented hc
28.5,Fragmented hc
28.5,Fragmented hc
28.5,Tanytarsus lugens
28.5,Fragmented hc
28.5,Fragmented hc
28.5,Tanypodinae
28.5,Fragmented hc
28.5,Psectrocladius spp
28.5,Fragmented hc
28.5,Micropsectra radialis
28.5,Fragmented hc
28.5,unsure
28.5,Multiple
28.5,Fragmented hc
28.5,Fragmented hc
28.5,Fragmented hc
28.5,Fragmented hc
28.5,Corynoneura spp
28.5,Corynoneura spp
28.5,Psectrocladius spp
28.5,Fragmented hc
28.5,Micropsectra radialis
28.5,Particles
28.5,Micropsectra radialis
28.5,Micropsectra insignilobus
28.5,Fragmented hc
28.5,Micropsectra radialis
28.5,Fragmented hc
28.5,Heterotrissocladius marcidus
28.5,Multiple
28.5,Fragmented hc
28.5,Fragmented hc
28.5,Fragmented hc
28.5,Background
28.5,Multiple
28.5,Fragmented hc
28.5,Micropsectra radialis
28.5,Micropsectra radialis
28.5,Multiple
28.5,Fragmented hc
28.5,Micropsectra radialis
28.5,Fragmented hc
28.5,Mandible
28.5,Corynoneura spp
28.5,Fragmented hc
28.5,Tanytarsus spp
28.5,Micropsectra radialis
28.5,Fragmented hc
28.5,Micropsectra radialis
28.5,Micropsectra radialis
28.5,Background
28.5,Fragmented hc
28.5,Fragmented hc
28.5,Fragmented hc
28.5,Fragmented hc
28.5,Fragmented hc
28.5,Particles
28.5,Fragmented hc
28.5,Fragmented hc
28.5,Tanypodinae
28.5,Microtendipes pedellus
28.5,Micropsectra radialis
28.5,Fragmented hc
28.5,Corynoneura spp
28.5,Fragmented hc
28.5,Background
28.5,Fragmented hc
28.5,Background
28.5,Background
28.5,Fragmented hc
28.5,Micropsectra radialis
28.5,Corynoneura spp
28.5,Fragmented hc
28.5,Fragmented hc
28.5,Psectrocladius spp
28.5,Multiple
28.5,Micropsectra radialis
28.5,Diatom
28.5,Chironomus spp
28.5,Fragmented hc
28.5,Blurry specimens
28.5,Micropsectra radialis
28.5,Acari spp
28.5,Fragmented hc
28.5,Fragmented hc
28.5,Background
28.5,Background
28.5,Tanytarsus lugens
28.5,Microtendipes pedellus
28.5,Multiple
28.5,Fragmented hc
28.5,Pentaneurini spp
28.5,Micropsectra radialis
28.5,Fragmented hc
28.5,Fragmented hc
28.5,Fragmented hc
28.5,Fragmented hc
28.5,Particles
28.5,Micropsectra insignilobus
28.5,Fragmented hc
28.5,Tanytarsus lugens
28.5,Microtendipes pedellus
28.5,Mandible
28.5,Blurry specimens
28.5,Blurry specimens
28.5,Micropsectra radialis
28.5,Fragmented hc
28.5,Fragmented hc
28.5,Multiple
28.5,Fragmented hc
28.5,Micropsectra radialis
28.5,Multiple
28.5,Fragmented hc
28.5,Fragmented hc
28.5,Fragmented hc
28.5,Tanytarsus lugens
28.5,Fragmented hc
28.5,Tanypodinae
28.5,Fragmented hc
28.5,Blurry specimens
28.5,Blurry specimens
28.5,Fragmented hc
28.5,Mandible
28.5,Tanytarsus lugens
28.5,Micropsectra radialis
28.5,Tanytarsus lugens
28.5,Micropsectra radialis
28.5,Multiple
28.5,Fragmented hc
28.5,Fragmented hc
28.5,Fragmented hc
28.5,Micropsectra radialis
28.5,Micropsectra radialis
28.5,Fragmented hc
28.5,Particles
